"NUM_OC","FECHA_CIERRE_TAREA","TIPO_SLA","ANS2","mes"
"2898694",2021-02-03 15:43:28,"SLA8","Cumple",2021-02-01
"2903230",2021-02-03 15:52:27,"SLA8","Cumple",2021-02-01
"2904488",2021-02-03 17:41:00,"SLA8","Cumple",2021-02-01
"2910061",2021-02-03 15:53:25,"SLA8","Cumple",2021-02-01
"2918369",2021-02-03 15:54:24,"SLA8","Cumple",2021-02-01
"2918410",2021-02-02 16:14:52,"SLA8","Cumple",2021-02-01
"2920127",2021-02-03 15:55:23,"SLA8","Cumple",2021-02-01
"2923238",2021-02-03 15:59:48,"SLA8","Cumple",2021-02-01
"2923452",2021-02-02 16:14:00,"SLA8","Cumple",2021-02-01
"2925348",2021-02-01 13:32:01,"SLA8","Cumple",2021-02-01
"2926376",2021-02-01 08:53:11,"SLA8","Cumple",2021-02-01
"2926487",2021-02-01 09:35:01,"SLA8","Cumple",2021-02-01
"2926537",2021-02-01 13:18:53,"SLA8","Cumple",2021-02-01
"2926612",2021-02-03 16:02:07,"SLA8","Cumple",2021-02-01
"2926649",2021-02-01 13:17:00,"SLA8","Cumple",2021-02-01
"2926661",2021-02-01 12:24:37,"SLA8","Cumple",2021-02-01
"2926793",2021-02-01 11:44:49,"SLA8","Cumple",2021-02-01
"2926963",2021-02-01 12:41:35,"SLA8","Cumple",2021-02-01
"2926964",2021-02-01 13:26:48,"SLA8","Cumple",2021-02-01
"2927011",2021-02-01 13:36:34,"SLA8","Cumple",2021-02-01
"2927030",2021-02-01 13:48:02,"SLA8","Cumple",2021-02-01
"2927057",2021-02-01 14:42:48,"SLA8","Cumple",2021-02-01
"2927059",2021-02-01 14:22:00,"SLA8","Cumple",2021-02-01
"2927060",2021-02-01 15:03:13,"SLA8","Cumple",2021-02-01
"2927330",2021-02-01 17:31:50,"SLA8","Cumple",2021-02-01
"2927332",2021-02-01 17:33:09,"SLA8","Cumple",2021-02-01
"2927336",2021-02-01 17:34:23,"SLA8","Cumple",2021-02-01
"2927340",2021-02-01 17:35:57,"SLA8","Cumple",2021-02-01
"2927345",2021-02-01 17:37:52,"SLA8","Cumple",2021-02-01
"2927906",2021-02-02 09:01:13,"SLA8","Cumple",2021-02-01
"2928031",2021-02-02 09:02:00,"SLA8","Cumple",2021-02-01
"2928032",2021-02-02 09:31:24,"SLA8","Cumple",2021-02-01
"2928039",2021-02-02 09:08:00,"SLA8","Cumple",2021-02-01
"2928053",2021-02-02 20:04:09,"SLA8","Incumple",2021-02-01
"2928108",2021-02-02 10:37:48,"SLA8","Cumple",2021-02-01
"2928121",2021-02-02 09:24:13,"SLA8","Cumple",2021-02-01
"2928274",2021-02-02 10:29:29,"SLA8","Cumple",2021-02-01
"2928325",2021-02-02 15:07:36,"SLA8","Cumple",2021-02-01
"2928398",2021-02-02 17:03:32,"SLA8","Cumple",2021-02-01
"2928471",2021-02-02 14:24:43,"SLA8","Cumple",2021-02-01
"2928527",2021-02-02 14:44:06,"SLA8","Cumple",2021-02-01
"2928565",2021-02-02 12:03:35,"SLA8","Cumple",2021-02-01
"2928581",2021-02-02 12:11:04,"SLA8","Cumple",2021-02-01
"2928618",2021-02-02 13:00:48,"SLA8","Cumple",2021-02-01
"2928659",2021-02-02 13:13:55,"SLA8","Cumple",2021-02-01
"2928671",2021-02-02 13:32:25,"SLA8","Cumple",2021-02-01
"2928681",2021-02-02 13:35:21,"SLA8","Cumple",2021-02-01
"2928702",2021-02-02 13:56:44,"SLA8","Cumple",2021-02-01
"2928757",2021-02-02 14:17:54,"SLA8","Cumple",2021-02-01
"2928764",2021-02-02 14:38:20,"SLA8","Cumple",2021-02-01
"2928774",2021-02-02 14:50:21,"SLA8","Cumple",2021-02-01
"2928818",2021-02-05 08:16:07,"SLA8","Cumple",2021-02-01
"2928835",2021-02-02 15:33:57,"SLA8","Cumple",2021-02-01
"2928884",2021-02-02 16:02:05,"SLA8","Cumple",2021-02-01
"2929036",2021-02-02 19:04:40,"SLA8","Cumple",2021-02-01
"2929061",2021-02-02 17:39:52,"SLA8","Cumple",2021-02-01
"2929067",2021-02-02 19:29:03,"SLA8","Cumple",2021-02-01
"2929177",2021-02-02 19:50:01,"SLA8","Cumple",2021-02-01
"2929257",2021-02-02 19:16:20,"SLA8","Cumple",2021-02-01
"2929323",2021-02-02 21:00:58,"SLA8","Cumple",2021-02-01
"2929327",2021-02-02 21:12:11,"SLA8","Cumple",2021-02-01
"2929333",2021-02-02 21:26:59,"SLA8","Cumple",2021-02-01
"2929537",2021-02-03 08:22:22,"SLA8","Cumple",2021-02-01
"2929551",2021-02-03 08:28:03,"SLA8","Cumple",2021-02-01
"2929616",2021-02-03 09:07:49,"SLA8","Cumple",2021-02-01
"2929693",2021-02-03 09:28:02,"SLA8","Cumple",2021-02-01
"2929856",2021-02-03 10:41:47,"SLA8","Cumple",2021-02-01
"2929935",2021-02-03 11:30:58,"SLA8","Cumple",2021-02-01
"2929943",2021-02-03 11:33:36,"SLA8","Cumple",2021-02-01
"2929958",2021-02-03 13:01:40,"SLA8","Cumple",2021-02-01
"2929962",2021-02-03 20:06:06,"SLA8","Cumple",2021-02-01
"2930051",2021-02-03 13:01:18,"SLA8","Cumple",2021-02-01
"2930097",2021-02-03 13:51:58,"SLA8","Cumple",2021-02-01
"2930115",2021-02-03 13:49:02,"SLA8","Cumple",2021-02-01
"2930140",2021-02-03 14:22:26,"SLA8","Cumple",2021-02-01
"2930178",2021-02-03 15:27:14,"SLA8","Cumple",2021-02-01
"2930401",2021-02-03 16:22:41,"SLA8","Cumple",2021-02-01
"2930402",2021-02-03 17:13:32,"SLA8","Cumple",2021-02-01
"2930406",2021-02-03 17:11:36,"SLA8","Cumple",2021-02-01
"2930452",2021-02-03 17:45:38,"SLA8","Cumple",2021-02-01
"2930463",2021-02-03 23:53:17,"SLA8","Cumple",2021-02-01
"2930475",2021-02-03 23:54:29,"SLA8","Cumple",2021-02-01
"2930518",2021-02-03 18:07:35,"SLA8","Cumple",2021-02-01
"2930528",2021-02-03 17:57:59,"SLA8","Cumple",2021-02-01
"2930571",2021-02-03 18:17:13,"SLA8","Cumple",2021-02-01
"2931018",2021-02-04 08:19:02,"SLA8","Cumple",2021-02-01
"2931019",2021-02-04 08:17:23,"SLA8","Cumple",2021-02-01
"2931021",2021-02-04 08:18:12,"SLA8","Cumple",2021-02-01
"2931023",2021-02-04 08:19:48,"SLA8","Cumple",2021-02-01
"2931027",2021-02-04 08:20:36,"SLA8","Cumple",2021-02-01
"2931434",2021-02-04 11:31:14,"SLA8","Cumple",2021-02-01
"2931469",2021-02-04 12:33:14,"SLA8","Cumple",2021-02-01
"2931502",2021-02-04 12:27:11,"SLA8","Cumple",2021-02-01
"2931518",2021-02-04 11:59:23,"SLA8","Cumple",2021-02-01
"2931539",2021-02-05 18:53:49,"SLA8","Cumple",2021-02-01
"2931566",2021-02-04 12:30:29,"SLA8","Cumple",2021-02-01
"2931605",2021-02-05 18:31:41,"SLA8","Cumple",2021-02-01
"2931606",2021-02-05 18:17:24,"SLA8","Cumple",2021-02-01
"2931618",2021-02-08 08:48:24,"SLA8","Cumple",2021-02-01
"2931676",2021-02-05 16:17:03,"SLA8","Cumple",2021-02-01
"2931763",2021-02-08 14:57:46,"SLA8","Cumple",2021-02-01
"2931816",2021-02-08 13:15:40,"SLA8","Cumple",2021-02-01
"2932158",2021-02-05 01:19:45,"SLA8","Cumple",2021-02-01
"2932869",2021-02-08 10:56:50,"SLA8","Cumple",2021-02-01
"2932954",2021-02-05 12:20:57,"SLA8","Cumple",2021-02-01
"2933005",2021-02-08 16:02:01,"SLA8","Cumple",2021-02-01
"2933073",2021-02-05 16:14:08,"SLA8","Cumple",2021-02-01
"2933758",2021-02-08 13:14:58,"SLA8","Cumple",2021-02-01
"2934934",2021-02-08 10:38:38,"SLA8","Cumple",2021-02-01
"2934975",2021-02-08 15:26:09,"SLA8","Cumple",2021-02-01
"2935070",2021-02-08 15:36:47,"SLA8","Cumple",2021-02-01
"2935119",2021-02-08 11:56:11,"SLA8","Cumple",2021-02-01
"2935140",2021-02-08 12:09:14,"SLA8","Cumple",2021-02-01
"2935289",2021-02-08 13:12:46,"SLA8","Cumple",2021-02-01
"2935354",2021-02-08 13:21:43,"SLA8","Cumple",2021-02-01
"2935363",2021-02-08 13:30:34,"SLA8","Cumple",2021-02-01
"2935404",2021-02-09 23:13:29,"SLA8","Incumple",2021-02-01
"2935432",2021-02-08 14:24:42,"SLA8","Cumple",2021-02-01
"2935436",2021-02-08 14:29:33,"SLA8","Cumple",2021-02-01
"2935499",2021-02-08 15:17:38,"SLA8","Cumple",2021-02-01
"2935636",2021-02-08 15:50:56,"SLA8","Cumple",2021-02-01
"2936626",2021-02-09 12:37:30,"SLA8","Cumple",2021-02-01
"2936647",2021-02-09 13:10:14,"SLA8","Cumple",2021-02-01
"2936659",2021-02-09 14:42:23,"SLA8","Cumple",2021-02-01
"2936669",2021-02-09 10:22:27,"SLA8","Cumple",2021-02-01
"2936762",2021-02-09 11:37:53,"SLA8","Cumple",2021-02-01
"2937025",2021-02-09 14:51:37,"SLA8","Cumple",2021-02-01
"2937026",2021-02-09 14:32:11,"SLA8","Cumple",2021-02-01
"2937050",2021-02-09 16:22:36,"SLA8","Cumple",2021-02-01
"2937236",2021-02-09 15:06:04,"SLA8","Cumple",2021-02-01
"2937250",2021-02-09 14:58:57,"SLA8","Cumple",2021-02-01
"2937294",2021-02-09 15:37:59,"SLA8","Cumple",2021-02-01
"2937408",2021-02-10 12:41:08,"SLA8","Cumple",2021-02-01
"2937540",2021-02-09 18:07:16,"SLA8","Cumple",2021-02-01
"2937604",2021-02-09 18:53:10,"SLA8","Cumple",2021-02-01
"2937606",2021-02-09 18:57:11,"SLA8","Cumple",2021-02-01
"2937704",2021-03-11 11:58:37,"SLA8","Incumple",2021-03-01
"2937723",2021-02-09 19:08:16,"SLA8","Cumple",2021-02-01
"2937730",2021-02-09 19:49:37,"SLA8","Cumple",2021-02-01
"2937942",2021-02-10 08:30:18,"SLA8","Cumple",2021-02-01
"2938139",2021-02-10 09:28:27,"SLA8","Cumple",2021-02-01
"2938199",2021-02-10 10:18:36,"SLA8","Cumple",2021-02-01
"2938205",2021-02-10 10:04:30,"SLA8","Cumple",2021-02-01
"2938242",2021-02-10 10:45:13,"SLA8","Cumple",2021-02-01
"2938244",2021-02-10 10:46:17,"SLA8","Cumple",2021-02-01
"2938250",2021-02-10 10:47:54,"SLA8","Cumple",2021-02-01
"2938263",2021-02-10 10:50:02,"SLA8","Cumple",2021-02-01
"2938264",2021-02-10 10:51:35,"SLA8","Cumple",2021-02-01
"2938305",2021-02-10 11:02:45,"SLA8","Cumple",2021-02-01
"2938324",2021-02-10 10:58:48,"SLA8","Cumple",2021-02-01
"2938439",2021-02-10 12:07:09,"SLA8","Cumple",2021-02-01
"2938541",2021-02-10 12:39:50,"SLA8","Cumple",2021-02-01
"2938619",2021-02-10 15:08:44,"SLA8","Cumple",2021-02-01
"2938620",2021-02-10 15:19:12,"SLA8","Cumple",2021-02-01
"2938650",2021-02-10 14:45:00,"SLA8","Cumple",2021-02-01
"2938734",2021-02-10 15:01:31,"SLA8","Cumple",2021-02-01
"2938785",2021-02-10 15:16:02,"SLA8","Cumple",2021-02-01
"2938874",2021-02-10 18:20:25,"SLA8","Cumple",2021-02-01
"2938918",2021-02-10 16:58:19,"SLA8","Cumple",2021-02-01
"2939431",2021-02-11 09:36:04,"SLA8","Cumple",2021-02-01
"2939461",2021-02-11 14:35:44,"SLA8","Cumple",2021-02-01
"2939485",2021-02-11 14:02:40,"SLA8","Cumple",2021-02-01
"2939486",2021-02-11 13:27:26,"SLA8","Cumple",2021-02-01
"2939609",2021-02-11 09:45:56,"SLA8","Cumple",2021-02-01
"2939645",2021-02-11 10:09:22,"SLA8","Cumple",2021-02-01
"2939654",2021-02-11 13:29:04,"SLA8","Cumple",2021-02-01
"2939656",2021-02-11 15:40:49,"SLA8","Cumple",2021-02-01
"2939826",2021-02-11 13:33:36,"SLA8","Cumple",2021-02-01
"2939865",2021-02-11 13:39:54,"SLA8","Cumple",2021-02-01
"2939899",2021-02-11 13:37:33,"SLA8","Cumple",2021-02-01
"2939996",2021-02-11 15:00:53,"SLA8","Cumple",2021-02-01
"2940122",2021-02-11 15:38:06,"SLA8","Cumple",2021-02-01
"2940267",2021-02-11 17:11:15,"SLA8","Cumple",2021-02-01
"2940357",2021-02-12 15:18:20,"SLA8","Incumple",2021-02-01
"2940410",2021-02-11 17:31:27,"SLA8","Cumple",2021-02-01
"2940414",2021-02-11 19:18:15,"SLA8","Cumple",2021-02-01
"2940459",2021-02-11 17:41:33,"SLA8","Cumple",2021-02-01
"2940485",2021-02-11 17:59:32,"SLA8","Cumple",2021-02-01
"2940493",2021-02-11 18:23:38,"SLA8","Cumple",2021-02-01
"2940509",2021-02-11 18:39:05,"SLA8","Cumple",2021-02-01
"2940626",2021-02-11 18:35:20,"SLA8","Cumple",2021-02-01
"2940672",2021-02-11 19:24:50,"SLA8","Cumple",2021-02-01
"2940679",2021-02-11 19:14:50,"SLA8","Cumple",2021-02-01
"2940704",2021-02-11 20:43:21,"SLA8","Cumple",2021-02-01
"2940717",2021-02-11 20:08:49,"SLA8","Cumple",2021-02-01
"2940719",2021-02-11 21:04:52,"SLA8","Cumple",2021-02-01
"2940731",2021-02-11 21:14:34,"SLA8","Cumple",2021-02-01
"2940746",2021-02-11 21:31:21,"SLA8","Cumple",2021-02-01
"2940747",2021-02-11 21:53:50,"SLA8","Cumple",2021-02-01
"2940755",2021-02-11 22:27:35,"SLA8","Cumple",2021-02-01
"2941020",2021-02-16 18:46:46,"SLA8","Cumple",2021-02-01
"2941192",2021-02-12 12:53:55,"SLA8","Cumple",2021-02-01
"2941466",2021-02-16 17:53:24,"SLA8","Incumple",2021-02-01
"2941485",2021-02-16 17:55:25,"SLA8","Incumple",2021-02-01
"2941513",2021-04-23 15:05:57,"SLA8","Cumple",2021-04-01
"2941833",2021-02-15 10:40:19,"SLA8","Cumple",2021-02-01
"2942026",2021-02-12 18:20:22,"SLA8","Cumple",2021-02-01
"2942772",2021-02-15 11:03:26,"SLA8","Cumple",2021-02-01
"2943129",2021-02-15 12:47:37,"SLA8","Cumple",2021-02-01
"2943230",2021-02-15 10:27:45,"SLA8","Cumple",2021-02-01
"2943501",2021-02-15 12:44:06,"SLA8","Cumple",2021-02-01
"2943854",2021-02-15 16:08:28,"SLA8","Cumple",2021-02-01
"2943894",2021-02-16 17:35:47,"SLA8","Cumple",2021-02-01
"2943912",2021-02-16 17:34:22,"SLA8","Cumple",2021-02-01
"2943965",2021-02-15 19:51:46,"SLA8","Cumple",2021-02-01
"2944028",2021-02-15 20:15:04,"SLA8","Cumple",2021-02-01
"2944592",2021-02-16 10:50:43,"SLA8","Cumple",2021-02-01
"2944636",2021-02-16 13:27:49,"SLA8","Cumple",2021-02-01
"2944789",2021-02-16 17:32:00,"SLA8","Cumple",2021-02-01
"2944792",2021-02-16 17:19:16,"SLA8","Cumple",2021-02-01
"2945591",2021-02-16 16:29:20,"SLA8","Cumple",2021-02-01
"2945638",2021-02-16 17:00:48,"SLA8","Cumple",2021-02-01
"2945696",2021-02-16 17:09:34,"SLA8","Cumple",2021-02-01
"2945741",2021-02-16 17:38:23,"SLA8","Cumple",2021-02-01
"2945763",2021-02-16 18:32:54,"SLA8","Cumple",2021-02-01
"2945824",2021-02-16 18:33:01,"SLA8","Cumple",2021-02-01
"2945943",2021-02-17 11:12:20,"SLA8","Cumple",2021-02-01
"2946280",2021-02-17 09:58:09,"SLA8","Cumple",2021-02-01
"2946463",2021-02-17 11:37:28,"SLA8","Cumple",2021-02-01
"2946580",2021-02-17 12:13:36,"SLA8","Cumple",2021-02-01
"2946603",2021-02-17 14:51:03,"SLA8","Cumple",2021-02-01
"2946634",2021-02-17 16:57:23,"SLA8","Cumple",2021-02-01
"2946681",2021-02-17 12:49:32,"SLA8","Cumple",2021-02-01
"2946823",2021-02-17 16:20:33,"SLA8","Cumple",2021-02-01
"2946992",2021-02-17 16:27:17,"SLA8","Cumple",2021-02-01
"2947041",2021-02-17 16:38:44,"SLA8","Cumple",2021-02-01
"2947179",2021-02-17 17:08:51,"SLA8","Cumple",2021-02-01
"2947191",2021-02-17 18:38:54,"SLA8","Cumple",2021-02-01
"2947205",2021-02-17 18:08:30,"SLA8","Cumple",2021-02-01
"2947208",2021-02-17 18:10:02,"SLA8","Cumple",2021-02-01
"2947211",2021-02-17 18:10:54,"SLA8","Cumple",2021-02-01
"2947216",2021-02-17 19:04:53,"SLA8","Cumple",2021-02-01
"2947755",2021-02-18 09:36:54,"SLA8","Cumple",2021-02-01
"2947859",2021-02-18 11:05:25,"SLA8","Cumple",2021-02-01
"2947948",2021-02-19 17:49:53,"SLA8","Cumple",2021-02-01
"2947956",2021-02-19 17:54:42,"SLA8","Cumple",2021-02-01
"2947970",2021-02-19 17:53:40,"SLA8","Cumple",2021-02-01
"2948028",2021-02-18 13:41:30,"SLA8","Cumple",2021-02-01
"2948189",2021-02-18 13:09:23,"SLA8","Cumple",2021-02-01
"2948829",2021-02-19 09:09:55,"SLA8","Cumple",2021-02-01
"2948881",2021-02-18 17:01:29,"SLA8","Cumple",2021-02-01
"2948941",2021-02-19 09:05:06,"SLA8","Cumple",2021-02-01
"2948945",2021-02-18 17:52:27,"SLA8","Cumple",2021-02-01
"2949001",2021-02-18 17:59:36,"SLA8","Cumple",2021-02-01
"2949078",2021-02-18 18:38:55,"SLA8","Cumple",2021-02-01
"2949109",2021-02-18 19:38:44,"SLA8","Cumple",2021-02-01
"2949275",2021-02-18 21:00:30,"SLA8","Cumple",2021-02-01
"2949645",2021-02-19 17:52:23,"SLA8","Cumple",2021-02-01
"2949722",2021-02-19 12:21:20,"SLA8","Cumple",2021-02-01
"2949736",2021-02-19 14:40:52,"SLA8","Cumple",2021-02-01
"2949929",2021-02-19 12:59:13,"SLA8","Cumple",2021-02-01
"2949935",2021-02-19 13:03:49,"SLA8","Cumple",2021-02-01
"2950196",2021-02-19 16:11:30,"SLA8","Cumple",2021-02-01
"2950298",2021-02-19 14:43:46,"SLA8","Cumple",2021-02-01
"2950311",2021-02-19 14:39:05,"SLA8","Cumple",2021-02-01
"2950348",2021-04-23 16:20:54,"SLA8","Cumple",2021-04-01
"2950357",2021-02-19 15:09:35,"SLA8","Cumple",2021-02-01
"2950472",2021-02-19 15:51:15,"SLA8","Cumple",2021-02-01
"2950532",2021-02-19 16:02:08,"SLA8","Cumple",2021-02-01
"2950571",2021-02-19 16:30:10,"SLA8","Cumple",2021-02-01
"2950672",2021-02-19 18:03:44,"SLA8","Cumple",2021-02-01
"2950716",2021-02-20 09:44:59,"SLA8","Cumple",2021-02-01
"2950753",2021-02-19 18:48:13,"SLA8","Cumple",2021-02-01
"2950755",2021-02-19 18:54:23,"SLA8","Cumple",2021-02-01
"2950780",2021-02-19 20:12:14,"SLA8","Cumple",2021-02-01
"2950783",2021-02-19 19:41:13,"SLA8","Cumple",2021-02-01
"2950784",2021-02-19 19:53:58,"SLA8","Cumple",2021-02-01
"2950805",2021-02-19 20:56:18,"SLA8","Cumple",2021-02-01
"2950812",2021-02-19 21:14:17,"SLA8","Cumple",2021-02-01
"2951475",2021-02-22 08:38:22,"SLA8","Cumple",2021-02-01
"2951527",2021-02-22 08:46:56,"SLA8","Cumple",2021-02-01
"2951528",2021-02-22 08:49:26,"SLA8","Cumple",2021-02-01
"2951542",2021-02-22 09:20:07,"SLA8","Cumple",2021-02-01
"2951567",2021-02-22 09:01:20,"SLA8","Cumple",2021-02-01
"2951590",2021-02-22 09:05:32,"SLA8","Cumple",2021-02-01
"2951670",2021-02-22 13:43:47,"SLA8","Cumple",2021-02-01
"2951683",2021-02-22 09:39:37,"SLA8","Cumple",2021-02-01
"2951702",2021-02-22 11:00:42,"SLA8","Cumple",2021-02-01
"2951821",2021-02-23 12:25:42,"SLA8","Cumple",2021-02-01
"2951873",2021-02-22 11:05:50,"SLA8","Cumple",2021-02-01
"2951899",2021-02-22 11:21:19,"SLA8","Cumple",2021-02-01
"2951915",2021-03-11 12:43:15,"SLA8","Incumple",2021-03-01
"2952318",2021-02-23 13:37:45,"SLA8","Cumple",2021-02-01
"2952347",2021-02-22 16:01:19,"SLA8","Cumple",2021-02-01
"2952348",2021-02-22 16:18:54,"SLA8","Cumple",2021-02-01
"2952417",2021-02-22 16:07:58,"SLA8","Cumple",2021-02-01
"2952505",2021-03-11 16:52:00,"SLA8","Cumple",2021-03-01
"2952555",2021-02-22 17:09:04,"SLA8","Cumple",2021-02-01
"2952556",2021-02-22 17:30:44,"SLA8","Cumple",2021-02-01
"2952563",2021-02-22 19:57:52,"SLA8","Cumple",2021-02-01
"2952592",2021-02-22 17:20:48,"SLA8","Cumple",2021-02-01
"2952675",2021-02-22 18:17:46,"SLA8","Cumple",2021-02-01
"2952711",2021-02-22 18:23:34,"SLA8","Cumple",2021-02-01
"2952717",2021-02-22 18:47:21,"SLA8","Cumple",2021-02-01
"2952773",2021-02-22 19:06:53,"SLA8","Cumple",2021-02-01
"2952782",2021-02-22 21:10:25,"SLA8","Cumple",2021-02-01
"2953028",2021-02-23 09:13:13,"SLA8","Cumple",2021-02-01
"2953241",2021-02-23 14:48:39,"SLA8","Cumple",2021-02-01
"2953296",2021-02-23 09:21:43,"SLA8","Cumple",2021-02-01
"2953372",2021-02-23 17:14:54,"SLA8","Cumple",2021-02-01
"2953379",2021-02-23 10:04:14,"SLA8","Cumple",2021-02-01
"2953470",2021-02-24 09:37:07,"SLA8","Cumple",2021-02-01
"2953486",2021-02-23 10:40:33,"SLA8","Cumple",2021-02-01
"2953493",2021-02-23 10:44:19,"SLA8","Cumple",2021-02-01
"2953580",2021-02-23 11:57:39,"SLA8","Cumple",2021-02-01
"2953725",2021-02-23 11:59:43,"SLA8","Cumple",2021-02-01
"2953869",2021-02-23 13:48:43,"SLA8","Cumple",2021-02-01
"2954007",2021-02-23 15:22:54,"SLA8","Cumple",2021-02-01
"2954083",2021-02-23 14:53:25,"SLA8","Cumple",2021-02-01
"2954414",2021-02-23 16:02:48,"SLA8","Cumple",2021-02-01
"2954456",2021-02-23 16:23:32,"SLA8","Cumple",2021-02-01
"2954572",2021-02-23 16:54:13,"SLA8","Cumple",2021-02-01
"2954614",2021-04-23 15:44:09,"SLA8","Cumple",2021-04-01
"2954658",2021-02-24 11:19:59,"SLA8","Cumple",2021-02-01
"2954703",2021-02-23 17:56:16,"SLA8","Cumple",2021-02-01
"2954732",2021-02-23 18:00:05,"SLA8","Cumple",2021-02-01
"2954811",2021-02-23 18:36:14,"SLA8","Cumple",2021-02-01
"2955216",2021-02-24 10:44:47,"SLA8","Cumple",2021-02-01
"2955255",2021-02-24 12:25:15,"SLA8","Cumple",2021-02-01
"2955257",2021-02-24 12:34:05,"SLA8","Cumple",2021-02-01
"2955259",2021-02-24 12:35:17,"SLA8","Cumple",2021-02-01
"2955297",2021-02-24 12:37:40,"SLA8","Cumple",2021-02-01
"2955556",2021-02-24 11:20:30,"SLA8","Cumple",2021-02-01
"2955669",2021-02-24 13:38:52,"SLA8","Cumple",2021-02-01
"2955821",2021-02-24 15:51:47,"SLA8","Cumple",2021-02-01
"2956294",2021-02-24 17:54:53,"SLA8","Cumple",2021-02-01
"2956697",2021-02-25 09:05:18,"SLA8","Cumple",2021-02-01
"2956817",2021-04-15 11:23:14,"SLA8","Cumple",2021-04-01
"2957003",2021-02-25 12:14:09,"SLA8","Cumple",2021-02-01
"2957266",2021-02-26 09:57:53,"SLA8","Cumple",2021-02-01
"2957477",2021-02-25 22:46:21,"SLA8","Cumple",2021-02-01
"2958488",2021-04-23 15:03:38,"SLA8","Cumple",2021-04-01
"2959068",2021-03-02 14:26:48,"SLA8","Cumple",2021-03-01
"2959187",2021-02-26 15:14:20,"SLA8","Cumple",2021-02-01
"2959604",2021-03-02 14:24:43,"SLA8","Cumple",2021-03-01
"2961379",2021-03-01 09:28:10,"SLA8","Cumple",2021-03-01
"2961383",2021-03-01 09:38:49,"SLA8","Cumple",2021-03-01
"2961446",2021-03-01 12:01:11,"SLA8","Cumple",2021-03-01
"2961716",2021-03-01 13:09:15,"SLA8","Cumple",2021-03-01
"2962067",2021-03-01 14:41:11,"SLA8","Cumple",2021-03-01
"2962379",2021-03-01 16:24:00,"SLA8","Cumple",2021-03-01
"2962431",2021-03-01 18:22:46,"SLA8","Cumple",2021-03-01
"2963106",2021-03-02 12:24:54,"SLA8","Cumple",2021-03-01
"2963206",2021-03-02 16:57:52,"SLA8","Cumple",2021-03-01
"2963804",2021-03-02 17:20:41,"SLA8","Cumple",2021-03-01
"2964194",2021-03-02 17:18:35,"SLA8","Cumple",2021-03-01
"2964590",2021-04-23 16:15:52,"SLA8","Cumple",2021-04-01
"2964898",2021-03-03 19:46:31,"SLA8","Cumple",2021-03-01
"2964932",2021-03-03 11:12:20,"SLA8","Cumple",2021-03-01
"2964949",2021-03-03 19:43:56,"SLA8","Cumple",2021-03-01
"2965160",2021-03-03 18:43:54,"SLA8","Cumple",2021-03-01
"2965456",2021-03-04 10:41:06,"SLA8","Cumple",2021-03-01
"2965897",2021-03-05 18:05:36,"SLA8","Cumple",2021-03-01
"2966010",2021-03-03 15:52:51,"SLA8","Cumple",2021-03-01
"2966231",2021-03-03 17:51:53,"SLA8","Cumple",2021-03-01
"2966461",2021-03-05 18:45:43,"SLA8","Cumple",2021-03-01
"2966490",2021-03-04 08:53:39,"SLA8","Cumple",2021-03-01
"2966689",2021-03-04 08:18:55,"SLA8","Cumple",2021-03-01
"2966764",2021-03-04 17:03:33,"SLA8","Cumple",2021-03-01
"2967121",2021-03-04 12:39:04,"SLA8","Cumple",2021-03-01
"2967445",2021-03-05 10:24:52,"SLA8","Cumple",2021-03-01
"2967471",2021-03-04 14:23:43,"SLA8","Cumple",2021-03-01
"2967568",2021-04-23 16:08:50,"SLA8","Cumple",2021-04-01
"2968159",2021-03-04 18:49:43,"SLA8","Cumple",2021-03-01
"2968176",2021-03-04 19:08:34,"SLA8","Cumple",2021-03-01
"2968189",2021-03-04 19:31:39,"SLA8","Cumple",2021-03-01
"2968267",2021-03-04 20:06:14,"SLA8","Cumple",2021-03-01
"2968291",2021-03-04 21:28:12,"SLA8","Cumple",2021-03-01
"2968294",2021-03-04 21:50:00,"SLA8","Cumple",2021-03-01
"2968514",2021-03-05 09:32:20,"SLA8","Cumple",2021-03-01
"2968724",2021-03-05 11:12:56,"SLA8","Cumple",2021-03-01
"2968727",2021-03-05 11:26:52,"SLA8","Cumple",2021-03-01
"2968729",2021-03-05 10:45:49,"SLA8","Cumple",2021-03-01
"2968872",2021-03-05 12:48:17,"SLA8","Cumple",2021-03-01
"2968889",2021-03-05 12:56:19,"SLA8","Cumple",2021-03-01
"2969148",2021-03-05 15:02:13,"SLA8","Cumple",2021-03-01
"2969219",2021-03-05 15:55:47,"SLA8","Cumple",2021-03-01
"2969265",2021-03-05 16:40:22,"SLA8","Cumple",2021-03-01
"2969510",2021-03-05 18:43:55,"SLA8","Cumple",2021-03-01
"2969518",2021-03-05 19:03:28,"SLA8","Cumple",2021-03-01
"2969550",2021-03-05 19:25:44,"SLA8","Cumple",2021-03-01
"2969564",2021-03-05 19:57:03,"SLA8","Cumple",2021-03-01
"2969624",2021-03-05 21:47:38,"SLA8","Cumple",2021-03-01
"2969635",2021-03-05 21:49:09,"SLA8","Cumple",2021-03-01
"2970628",2021-03-10 08:22:53,"SLA8","Cumple",2021-03-01
"2970647",2021-03-08 09:22:20,"SLA8","Cumple",2021-03-01
"2970693",2021-03-09 17:14:04,"SLA8","Incumple",2021-03-01
"2970732",2021-03-08 10:06:16,"SLA8","Cumple",2021-03-01
"2970802",2021-03-08 10:42:01,"SLA8","Cumple",2021-03-01
"2970912",2021-03-08 11:22:04,"SLA8","Cumple",2021-03-01
"2971037",2021-03-08 11:59:52,"SLA8","Cumple",2021-03-01
"2971040",2021-03-08 12:05:08,"SLA8","Cumple",2021-03-01
"2971089",2021-03-08 12:17:26,"SLA8","Cumple",2021-03-01
"2971129",2021-03-08 15:18:35,"SLA8","Cumple",2021-03-01
"2971143",2021-03-08 12:47:47,"SLA8","Cumple",2021-03-01
"2971312",2021-03-08 14:19:36,"SLA8","Cumple",2021-03-01
"2971728",2021-03-08 16:07:32,"SLA8","Cumple",2021-03-01
"2971730",2021-03-08 16:18:22,"SLA8","Cumple",2021-03-01
"2971782",2021-03-11 12:41:03,"SLA8","Incumple",2021-03-01
"2971959",2021-03-08 17:31:35,"SLA8","Cumple",2021-03-01
"2971994",2021-03-08 17:33:34,"SLA8","Cumple",2021-03-01
"2972029",2021-03-08 17:48:31,"SLA8","Cumple",2021-03-01
"2972125",2021-03-08 18:28:33,"SLA8","Cumple",2021-03-01
"2972295",2021-03-08 18:56:01,"SLA8","Cumple",2021-03-01
"2972305",2021-03-08 19:20:09,"SLA8","Cumple",2021-03-01
"2972328",2021-03-09 10:03:12,"SLA8","Cumple",2021-03-01
"2972329",2021-03-08 19:32:46,"SLA8","Cumple",2021-03-01
"2972332",2021-03-08 20:29:40,"SLA8","Cumple",2021-03-01
"2972344",2021-03-08 21:48:55,"SLA8","Cumple",2021-03-01
"2972345",2021-03-08 20:10:24,"SLA8","Cumple",2021-03-01
"2972375",2021-03-08 20:57:31,"SLA8","Cumple",2021-03-01
"2972385",2021-03-08 21:37:37,"SLA8","Cumple",2021-03-01
"2972651",2021-03-09 09:04:34,"SLA8","Cumple",2021-03-01
"2972687",2021-03-09 11:37:51,"SLA8","Cumple",2021-03-01
"2972731",2021-03-09 09:57:47,"SLA8","Cumple",2021-03-01
"2972762",2021-03-09 10:32:37,"SLA8","Cumple",2021-03-01
"2972858",2021-03-09 11:17:03,"SLA8","Cumple",2021-03-01
"2973194",2021-03-09 14:16:30,"SLA8","Cumple",2021-03-01
"2973249",2021-03-09 15:24:06,"SLA8","Cumple",2021-03-01
"2973282",2021-03-09 13:19:58,"SLA8","Cumple",2021-03-01
"2973425",2021-03-09 16:08:53,"SLA8","Cumple",2021-03-01
"2973454",2021-03-09 15:23:37,"SLA8","Cumple",2021-03-01
"2973460",2021-03-09 15:27:53,"SLA8","Cumple",2021-03-01
"2973519",2021-03-09 16:12:47,"SLA8","Cumple",2021-03-01
"2973569",2021-03-09 16:07:18,"SLA8","Cumple",2021-03-01
"2973602",2021-03-09 16:20:39,"SLA8","Cumple",2021-03-01
"2973629",2021-03-09 16:18:30,"SLA8","Cumple",2021-03-01
"2973630",2021-03-09 22:18:10,"SLA8","Cumple",2021-03-01
"2973632",2021-03-09 16:45:35,"SLA8","Cumple",2021-03-01
"2973672",2021-03-09 16:30:18,"SLA8","Cumple",2021-03-01
"2973688",2021-03-09 16:48:56,"SLA8","Cumple",2021-03-01
"2973714",2021-03-09 22:15:58,"SLA8","Cumple",2021-03-01
"2973721",2021-03-09 17:01:37,"SLA8","Cumple",2021-03-01
"2973738",2021-03-12 15:03:55,"SLA8","Cumple",2021-03-01
"2973762",2021-04-23 16:19:48,"SLA8","Cumple",2021-04-01
"2973793",2021-03-09 17:21:16,"SLA8","Cumple",2021-03-01
"2973829",2021-03-09 17:33:21,"SLA8","Cumple",2021-03-01
"2973893",2021-03-09 17:52:13,"SLA8","Cumple",2021-03-01
"2973897",2021-03-09 22:40:22,"SLA8","Cumple",2021-03-01
"2973976",2021-03-09 18:36:04,"SLA8","Cumple",2021-03-01
"2973985",2021-03-09 18:24:54,"SLA8","Cumple",2021-03-01
"2974025",2021-03-09 18:52:18,"SLA8","Cumple",2021-03-01
"2974045",2021-03-09 19:06:53,"SLA8","Cumple",2021-03-01
"2974055",2021-03-09 19:52:45,"SLA8","Cumple",2021-03-01
"2974056",2021-03-09 19:59:30,"SLA8","Cumple",2021-03-01
"2974061",2021-03-09 20:05:25,"SLA8","Cumple",2021-03-01
"2974064",2021-03-09 20:52:40,"SLA8","Cumple",2021-03-01
"2974089",2021-03-09 21:47:55,"SLA8","Cumple",2021-03-01
"2974090",2021-03-09 21:51:10,"SLA8","Cumple",2021-03-01
"2974091",2021-03-09 21:59:52,"SLA8","Cumple",2021-03-01
"2974092",2021-03-09 21:54:21,"SLA8","Cumple",2021-03-01
"2974136",2021-03-10 07:36:14,"SLA8","Cumple",2021-03-01
"2974205",2021-03-10 07:40:18,"SLA8","Cumple",2021-03-01
"2974251",2021-03-10 08:05:08,"SLA8","Cumple",2021-03-01
"2974252",2021-03-10 08:01:23,"SLA8","Cumple",2021-03-01
"2974390",2021-03-10 08:53:03,"SLA8","Cumple",2021-03-01
"2974418",2021-03-10 20:57:10,"SLA8","Cumple",2021-03-01
"2974470",2021-03-10 09:34:21,"SLA8","Cumple",2021-03-01
"2974593",2021-03-10 10:24:04,"SLA8","Cumple",2021-03-01
"2974696",2021-03-10 12:45:27,"SLA8","Cumple",2021-03-01
"2974729",2021-03-11 09:02:43,"SLA8","Cumple",2021-03-01
"2974802",2021-03-10 11:26:43,"SLA8","Cumple",2021-03-01
"2974818",2021-03-10 12:26:27,"SLA8","Cumple",2021-03-01
"2974882",2021-03-10 15:46:54,"SLA8","Cumple",2021-03-01
"2974984",2021-04-23 16:17:54,"SLA8","Cumple",2021-04-01
"2975253",2021-03-10 17:56:22,"SLA8","Cumple",2021-03-01
"2975363",2021-03-31 08:39:18,"SLA8","Cumple",2021-03-01
"2975377",2021-04-15 14:47:05,"SLA8","Cumple",2021-04-01
"2975463",2021-03-10 16:36:55,"SLA8","Cumple",2021-03-01
"2976255",2021-03-11 09:48:11,"SLA8","Cumple",2021-03-01
"2976473",2021-03-11 11:30:18,"SLA8","Cumple",2021-03-01
"2976632",2021-03-11 13:45:13,"SLA8","Cumple",2021-03-01
"2976635",2021-03-11 16:37:59,"SLA8","Cumple",2021-03-01
"2976999",2021-03-11 18:22:10,"SLA8","Cumple",2021-03-01
"2977568",2021-03-11 22:31:08,"SLA8","Cumple",2021-03-01
"2977964",2021-03-12 16:28:40,"SLA8","Cumple",2021-03-01
"2978238",2021-03-12 15:21:08,"SLA8","Cumple",2021-03-01
"2978302",2021-03-12 12:54:17,"SLA8","Cumple",2021-03-01
"2978341",2021-03-12 12:10:38,"SLA8","Cumple",2021-03-01
"2978379",2021-03-12 15:03:36,"SLA8","Cumple",2021-03-01
"2978431",2021-03-12 18:02:19,"SLA8","Cumple",2021-03-01
"2978533",2021-03-12 13:48:49,"SLA8","Cumple",2021-03-01
"2978960",2021-03-12 20:32:28,"SLA8","Cumple",2021-03-01
"2978995",2021-03-12 20:05:15,"SLA8","Cumple",2021-03-01
"2980531",2021-03-15 09:22:11,"SLA8","Cumple",2021-03-01
"2980545",2021-03-15 09:12:08,"SLA8","Cumple",2021-03-01
"2980575",2021-03-15 12:00:48,"SLA8","Cumple",2021-03-01
"2980577",2021-03-15 12:01:54,"SLA8","Cumple",2021-03-01
"2980590",2021-03-15 12:03:40,"SLA8","Cumple",2021-03-01
"2980633",2021-03-15 13:13:57,"SLA8","Cumple",2021-03-01
"2980707",2021-03-15 10:48:12,"SLA8","Cumple",2021-03-01
"2981456",2021-03-15 16:53:33,"SLA8","Cumple",2021-03-01
"2981564",2021-03-15 18:59:47,"SLA8","Cumple",2021-03-01
"2981570",2021-03-15 16:52:37,"SLA8","Cumple",2021-03-01
"2982082",2021-03-15 21:20:58,"SLA8","Cumple",2021-03-01
"2982382",2021-03-16 09:02:30,"SLA8","Cumple",2021-03-01
"2982758",2021-03-16 13:02:55,"SLA8","Cumple",2021-03-01
"2982819",2021-03-16 11:42:44,"SLA8","Cumple",2021-03-01
"2982968",2021-03-16 16:30:51,"SLA8","Cumple",2021-03-01
"2982978",2021-03-16 13:18:15,"SLA8","Cumple",2021-03-01
"2983115",2021-03-16 19:35:45,"SLA8","Cumple",2021-03-01
"2983118",2021-03-16 19:41:58,"SLA8","Cumple",2021-03-01
"2983335",2021-03-16 17:42:33,"SLA8","Cumple",2021-03-01
"2983404",2021-03-16 16:48:46,"SLA8","Cumple",2021-03-01
"2983627",2021-03-16 17:37:09,"SLA8","Cumple",2021-03-01
"2983657",2021-03-16 21:51:49,"SLA8","Cumple",2021-03-01
"2983793",2021-03-16 21:29:43,"SLA8","Cumple",2021-03-01
"2984342",2021-03-17 10:26:19,"SLA8","Cumple",2021-03-01
"2984495",2021-03-17 10:00:49,"SLA8","Cumple",2021-03-01
"2984634",2021-03-17 16:05:12,"SLA8","Cumple",2021-03-01
"2984878",2021-03-17 12:45:11,"SLA8","Cumple",2021-03-01
"2984894",2021-03-17 16:35:10,"SLA8","Cumple",2021-03-01
"2985193",2021-03-17 18:08:06,"SLA8","Cumple",2021-03-01
"2985324",2021-04-23 15:17:34,"SLA8","Cumple",2021-04-01
"2985455",2021-03-17 16:02:13,"SLA8","Cumple",2021-03-01
"2985497",2021-03-18 19:24:22,"SLA8","Cumple",2021-03-01
"2985558",2021-03-17 17:43:34,"SLA8","Cumple",2021-03-01
"2985595",2021-03-17 16:51:26,"SLA8","Cumple",2021-03-01
"2985614",2021-03-17 19:45:16,"SLA8","Cumple",2021-03-01
"2985825",2021-03-17 19:27:11,"SLA8","Cumple",2021-03-01
"2985866",2021-03-17 19:38:31,"SLA8","Cumple",2021-03-01
"2985894",2021-03-18 09:29:50,"SLA8","Cumple",2021-03-01
"2986082",2021-03-17 22:00:42,"SLA8","Cumple",2021-03-01
"2986355",2021-03-18 09:50:26,"SLA8","Cumple",2021-03-01
"2986382",2021-03-18 09:58:34,"SLA8","Cumple",2021-03-01
"2986419",2021-03-18 10:17:52,"SLA8","Cumple",2021-03-01
"2986424",2021-03-18 09:03:25,"SLA8","Cumple",2021-03-01
"2986592",2021-03-18 10:11:07,"SLA8","Cumple",2021-03-01
"2986732",2021-03-18 12:44:12,"SLA8","Cumple",2021-03-01
"2986905",2021-03-18 11:53:23,"SLA8","Cumple",2021-03-01
"2987046",2021-03-18 13:52:37,"SLA8","Cumple",2021-03-01
"2987285",2021-03-18 15:00:03,"SLA8","Cumple",2021-03-01
"2987372",2021-03-18 15:19:13,"SLA8","Cumple",2021-03-01
"2987388",2021-03-18 18:12:14,"SLA8","Cumple",2021-03-01
"2987698",2021-03-18 18:42:54,"SLA8","Cumple",2021-03-01
"2987843",2021-03-18 19:16:04,"SLA8","Cumple",2021-03-01
"2987965",2021-03-18 18:46:38,"SLA8","Cumple",2021-03-01
"2988049",2021-03-19 22:04:13,"SLA8","Cumple",2021-03-01
"2988056",2021-03-29 08:23:00,"SLA8","Cumple",2021-03-01
"2988058",2021-03-29 08:27:15,"SLA8","Cumple",2021-03-01
"2988275",2021-03-19 08:06:26,"SLA8","Cumple",2021-03-01
"2988341",2021-03-19 10:32:47,"SLA8","Cumple",2021-03-01
"2988345",2021-03-19 11:00:47,"SLA8","Cumple",2021-03-01
"2988581",2021-04-23 15:48:53,"SLA8","Cumple",2021-04-01
"2988584",2021-03-19 17:11:28,"SLA8","Cumple",2021-03-01
"2988853",2021-03-19 13:39:17,"SLA8","Cumple",2021-03-01
"2988906",2021-03-19 16:50:28,"SLA8","Cumple",2021-03-01
"2991061",2021-03-23 07:44:43,"SLA8","Cumple",2021-03-01
"2991071",2021-03-23 07:46:27,"SLA8","Cumple",2021-03-01
"2991211",2021-03-23 13:35:36,"SLA8","Cumple",2021-03-01
"2991316",2021-03-23 11:20:36,"SLA8","Cumple",2021-03-01
"2991337",2021-03-23 10:01:37,"SLA8","Cumple",2021-03-01
"2991767",2021-03-23 12:29:08,"SLA8","Cumple",2021-03-01
"2991769",2021-03-23 12:38:01,"SLA8","Cumple",2021-03-01
"2991776",2021-03-23 19:02:52,"SLA8","Cumple",2021-03-01
"2991884",2021-03-23 13:50:46,"SLA8","Cumple",2021-03-01
"2991935",2021-03-23 14:26:21,"SLA8","Cumple",2021-03-01
"2991969",2021-03-23 16:44:42,"SLA8","Cumple",2021-03-01
"2992119",2021-03-23 21:37:52,"SLA8","Cumple",2021-03-01
"2992132",2021-03-23 15:25:23,"SLA8","Cumple",2021-03-01
"2992142",2021-03-23 15:31:37,"SLA8","Cumple",2021-03-01
"2992159",2021-03-23 15:39:27,"SLA8","Cumple",2021-03-01
"2992296",2021-03-23 19:08:56,"SLA8","Cumple",2021-03-01
"2992353",2021-03-23 16:35:32,"SLA8","Cumple",2021-03-01
"2992456",2021-03-23 17:08:27,"SLA8","Cumple",2021-03-01
"2992479",2021-03-23 17:11:51,"SLA8","Cumple",2021-03-01
"2992581",2021-03-23 18:05:23,"SLA8","Cumple",2021-03-01
"2992825",2021-03-23 19:14:35,"SLA8","Cumple",2021-03-01
"2992841",2021-03-24 08:24:00,"SLA8","Cumple",2021-03-01
"2992851",2021-03-23 21:08:53,"SLA8","Cumple",2021-03-01
"2993523",2021-03-24 14:46:49,"SLA8","Cumple",2021-03-01
"2993554",2021-03-24 11:20:52,"SLA8","Cumple",2021-03-01
"2993557",2021-03-24 11:28:38,"SLA8","Cumple",2021-03-01
"2993679",2021-03-24 12:33:26,"SLA8","Cumple",2021-03-01
"2994339",2021-04-23 15:01:38,"SLA8","Cumple",2021-04-01
"2995225",2021-03-25 10:40:53,"SLA8","Cumple",2021-03-01
"2995986",2021-04-15 14:55:37,"SLA8","Cumple",2021-04-01
"2995989",2021-04-15 11:20:36,"SLA8","Cumple",2021-04-01
"2996253",2021-03-25 17:25:58,"SLA8","Cumple",2021-03-01
"2996282",2021-03-25 17:47:23,"SLA8","Cumple",2021-03-01
"2996311",2021-03-25 17:53:09,"SLA8","Cumple",2021-03-01
"2996339",2021-03-25 18:15:55,"SLA8","Cumple",2021-03-01
"2996668",2021-03-26 10:31:36,"SLA8","Cumple",2021-03-01
"2996768",2021-03-26 10:29:29,"SLA8","Cumple",2021-03-01
"2997188",2021-03-26 13:15:28,"SLA8","Cumple",2021-03-01
"2997284",2021-03-26 14:18:51,"SLA8","Cumple",2021-03-01
"2997306",2021-03-26 13:02:45,"SLA8","Cumple",2021-03-01
"2997385",2021-04-23 15:41:47,"SLA8","Cumple",2021-04-01
"2997768",2021-03-26 18:29:12,"SLA8","Cumple",2021-03-01
"2997792",2021-03-26 16:58:26,"SLA8","Cumple",2021-03-01
"2997840",2021-03-26 17:51:52,"SLA8","Cumple",2021-03-01
"2997870",2021-03-30 05:59:29,"SLA8","Incumple",2021-03-01
"2997985",2021-03-26 21:38:39,"SLA8","Cumple",2021-03-01
"2998010",2021-03-26 18:58:44,"SLA8","Cumple",2021-03-01
"2998017",2021-03-26 19:00:16,"SLA8","Cumple",2021-03-01
"2998019",2021-03-29 08:06:13,"SLA8","Incumple",2021-03-01
"2999097",2021-03-29 08:35:54,"SLA8","Cumple",2021-03-01
"2999099",2021-03-29 08:44:21,"SLA8","Cumple",2021-03-01
"2999173",2021-03-29 09:15:37,"SLA8","Cumple",2021-03-01
"2999174",2021-03-29 09:20:14,"SLA8","Cumple",2021-03-01
"2999195",2021-03-29 11:10:43,"SLA8","Cumple",2021-03-01
"2999282",2021-03-29 11:56:35,"SLA8","Cumple",2021-03-01
"2999375",2021-03-29 14:37:27,"SLA8","Incumple",2021-03-01
"2999487",2021-03-29 12:11:37,"SLA8","Cumple",2021-03-01
"2999561",2021-04-23 16:23:16,"SLA8","Cumple",2021-04-01
"2999837",2021-03-29 16:32:31,"SLA8","Cumple",2021-03-01
"2999962",2021-03-30 06:06:12,"SLA8","Cumple",2021-03-01
"2999988",2021-03-30 06:03:17,"SLA8","Cumple",2021-03-01
"3000600",2021-03-30 10:39:47,"SLA8","Cumple",2021-03-01
"3000710",2021-04-12 15:56:21,"SLA4","Incumple",2021-04-01
"3000805",2021-03-30 10:22:41,"SLA8","Cumple",2021-03-01
"3000824",2021-03-30 10:40:36,"SLA8","Cumple",2021-03-01
"3000971",2021-03-30 12:52:32,"SLA8","Cumple",2021-03-01
"3001122",2021-04-23 15:50:39,"SLA8","Cumple",2021-04-01
"3001299",2021-03-30 15:06:27,"SLA8","Cumple",2021-03-01
"3001376",2021-03-30 15:26:09,"SLA8","Cumple",2021-03-01
"3001379",2021-03-30 14:51:23,"SLA8","Cumple",2021-03-01
"3001454",2021-03-30 15:16:01,"SLA8","Cumple",2021-03-01
"3001484",2021-03-30 15:42:25,"SLA8","Cumple",2021-03-01
"3001495",2021-03-30 16:24:31,"SLA8","Cumple",2021-03-01
"3001549",2021-03-30 16:25:20,"SLA8","Cumple",2021-03-01
"3001561",2021-03-30 16:07:22,"SLA8","Cumple",2021-03-01
"3001634",2021-03-30 16:55:02,"SLA8","Cumple",2021-03-01
"3001638",2021-03-30 16:43:47,"SLA8","Cumple",2021-03-01
"3002207",2021-03-31 20:06:56,"SLA8","Cumple",2021-03-01
"3002226",2021-03-31 11:44:24,"SLA8","Cumple",2021-03-01
"3002392",2021-03-31 09:44:25,"SLA8","Cumple",2021-03-01
"3002433",2021-03-31 10:23:29,"SLA8","Cumple",2021-03-01
"3002480",2021-03-31 11:14:14,"SLA8","Cumple",2021-03-01
"3002493",2021-03-31 10:51:52,"SLA8","Cumple",2021-03-01
"3002583",2021-03-31 12:22:28,"SLA8","Cumple",2021-03-01
"3002593",2021-03-31 12:40:37,"SLA8","Cumple",2021-03-01
"3002602",2021-03-31 12:23:00,"SLA8","Cumple",2021-03-01
"3002625",2021-03-31 12:47:40,"SLA8","Cumple",2021-03-01
"3002627",2021-03-31 12:56:05,"SLA8","Cumple",2021-03-01
"3002715",2021-03-31 13:27:58,"SLA8","Cumple",2021-03-01
"3002786",2021-03-31 16:12:12,"SLA8","Cumple",2021-03-01
"3002919",2021-04-08 11:17:37,"SLA8","Incumple",2021-04-01
"3002941",2021-04-08 11:27:22,"SLA8","Incumple",2021-04-01
"3005592",2021-04-05 13:19:47,"SLA8","Cumple",2021-04-01
"3005865",2021-04-06 20:12:02,"SLA8","Cumple",2021-04-01
"3005889",2021-04-06 20:13:28,"SLA8","Cumple",2021-04-01
"3006013",2021-04-08 11:14:42,"SLA8","Cumple",2021-04-01
"3007346",2021-04-06 15:55:48,"SLA8","Cumple",2021-04-01
"3007435",2021-04-06 17:03:13,"SLA8","Cumple",2021-04-01
"3007564",2021-04-06 16:27:50,"SLA8","Cumple",2021-04-01
"3007675",2021-04-06 16:54:32,"SLA8","Cumple",2021-04-01
"3007727",2021-04-06 17:26:15,"SLA8","Cumple",2021-04-01
"3007738",2021-04-06 17:31:17,"SLA8","Cumple",2021-04-01
"3008312",2021-04-07 08:34:09,"SLA8","Cumple",2021-04-01
"3008436",2021-04-07 08:51:26,"SLA8","Cumple",2021-04-01
"3008471",2021-04-07 09:03:58,"SLA8","Cumple",2021-04-01
"3008545",2021-04-07 12:01:28,"SLA8","Cumple",2021-04-01
"3008555",2021-04-07 09:57:32,"SLA8","Cumple",2021-04-01
"3008761",2021-04-07 11:28:38,"SLA8","Cumple",2021-04-01
"3008787",2021-04-07 11:44:47,"SLA8","Cumple",2021-04-01
"3008798",2021-04-07 12:24:36,"SLA8","Cumple",2021-04-01
"3008810",2021-04-07 11:47:29,"SLA8","Cumple",2021-04-01
"3008828",2021-04-07 12:04:20,"SLA8","Cumple",2021-04-01
"3008888",2021-04-07 12:37:14,"SLA8","Cumple",2021-04-01
"3009002",2021-04-08 00:11:43,"SLA8","Cumple",2021-04-01
"3009005",2021-04-08 00:12:22,"SLA8","Cumple",2021-04-01
"3009035",2021-04-08 00:10:18,"SLA8","Cumple",2021-04-01
"3009042",2021-04-07 14:28:22,"SLA8","Cumple",2021-04-01
"3009301",2021-04-07 16:26:58,"SLA8","Cumple",2021-04-01
"3009357",2021-04-07 16:26:17,"SLA8","Cumple",2021-04-01
"3009687",2021-04-07 18:07:57,"SLA8","Cumple",2021-04-01
"3009713",2021-04-09 18:06:54,"SLA8","Cumple",2021-04-01
"3009995",2021-04-08 10:51:35,"SLA8","Cumple",2021-04-01
"3010099",2021-04-08 08:51:21,"SLA8","Cumple",2021-04-01
"3010339",2021-04-08 10:29:26,"SLA8","Cumple",2021-04-01
"3010359",2021-04-08 10:36:44,"SLA8","Cumple",2021-04-01
"3010377",2021-04-08 10:46:46,"SLA8","Cumple",2021-04-01
"3010420",2021-04-08 11:06:24,"SLA8","Cumple",2021-04-01
"3010469",2021-04-08 12:31:05,"SLA8","Cumple",2021-04-01
"3010494",2021-04-08 14:40:25,"SLA8","Cumple",2021-04-01
"3010853",2021-04-09 11:20:10,"SLA8","Cumple",2021-04-01
"3011522",2021-04-08 21:33:42,"SLA8","Cumple",2021-04-01
"3011526",2021-04-08 21:42:10,"SLA8","Cumple",2021-04-01
"3011551",2021-04-08 22:18:05,"SLA8","Cumple",2021-04-01
"3011552",2021-04-08 22:42:33,"SLA8","Cumple",2021-04-01
"3011641",2021-04-09 07:32:39,"SLA8","Cumple",2021-04-01
"3012059",2021-04-09 13:19:09,"SLA8","Cumple",2021-04-01
"3012207",2021-04-09 14:08:00,"SLA8","Cumple",2021-04-01
"3012223",2021-04-09 12:02:20,"SLA8","Cumple",2021-04-01
"3012232",2021-04-09 14:37:13,"SLA8","Cumple",2021-04-01
"3012261",2021-04-09 20:58:25,"SLA8","Cumple",2021-04-01
"3012283",2021-04-09 12:09:58,"SLA8","Cumple",2021-04-01
"3012296",2021-04-09 12:17:15,"SLA8","Cumple",2021-04-01
"3012337",2021-04-09 12:27:51,"SLA8","Cumple",2021-04-01
"3012451",2021-04-09 14:15:19,"SLA8","Cumple",2021-04-01
"3012536",2021-04-09 17:26:47,"SLA8","Cumple",2021-04-01
"3012570",2021-04-09 15:47:32,"SLA8","Cumple",2021-04-01
"3012922",2021-04-09 17:52:46,"SLA8","Cumple",2021-04-01
"3012964",2021-04-12 18:28:24,"SLA8","Incumple",2021-04-01
"3012997",2021-04-09 16:58:41,"SLA8","Cumple",2021-04-01
"3013023",2021-04-09 17:32:28,"SLA8","Cumple",2021-04-01
"3013074",2021-04-09 17:58:53,"SLA8","Cumple",2021-04-01
"3013108",2021-04-09 18:16:19,"SLA8","Cumple",2021-04-01
"3013221",2021-04-10 08:01:06,"SLA8","Cumple",2021-04-01
"3013222",2021-04-10 08:14:49,"SLA8","Cumple",2021-04-01
"3013231",2021-04-10 08:23:09,"SLA8","Cumple",2021-04-01
"3013232",2021-04-10 16:20:09,"SLA8","Cumple",2021-04-01
"3013319",2021-04-10 09:49:02,"SLA8","Cumple",2021-04-01
"3013320",2021-04-10 16:47:13,"SLA8","Cumple",2021-04-01
"3013829",2021-04-10 17:26:59,"SLA8","Cumple",2021-04-01
"3014262",2021-04-12 08:42:21,"SLA8","Cumple",2021-04-01
"3014281",2021-04-12 07:18:23,"SLA8","Cumple",2021-04-01
"3014299",2021-04-12 08:38:53,"SLA8","Cumple",2021-04-01
"3014301",2021-04-12 08:39:52,"SLA8","Cumple",2021-04-01
"3014307",2021-04-12 08:40:56,"SLA8","Cumple",2021-04-01
"3014320",2021-04-12 07:58:02,"SLA8","Cumple",2021-04-01
"3014414",2021-04-12 08:34:43,"SLA8","Cumple",2021-04-01
"3014540",2021-04-12 09:59:02,"SLA8","Cumple",2021-04-01
"3014578",2021-04-12 20:31:38,"SLA8","Cumple",2021-04-01
"3015198",2021-04-12 15:34:07,"SLA4","Cumple",2021-04-01
"3015213",2021-04-14 15:03:22,"SLA8","Cumple",2021-04-01
"3015230",2021-04-12 14:51:24,"SLA8","Cumple",2021-04-01
"3015314",2021-04-12 15:42:46,"SLA8","Cumple",2021-04-01
"3015506",2021-04-12 17:38:08,"SLA8","Cumple",2021-04-01
"3015518",2021-04-12 17:36:03,"SLA8","Cumple",2021-04-01
"3015674",2021-04-12 17:53:52,"SLA8","Cumple",2021-04-01
"3015850",2021-04-12 19:53:24,"SLA8","Cumple",2021-04-01
"3016316",2021-04-13 08:56:07,"SLA8","Cumple",2021-04-01
"3016343",2021-04-13 16:49:18,"SLA4","Cumple",2021-04-01
"3016580",2021-04-13 10:36:48,"SLA8","Cumple",2021-04-01
"3016586",2021-04-13 14:43:43,"SLA8","Cumple",2021-04-01
"3016601",2021-04-13 11:39:58,"SLA8","Cumple",2021-04-01
"3016825",2021-04-13 16:00:50,"SLA8","Cumple",2021-04-01
"3017474",2021-04-13 16:41:43,"SLA8","Cumple",2021-04-01
"3017524",2021-04-13 17:07:06,"SLA8","Cumple",2021-04-01
"3017584",2021-04-13 17:30:09,"SLA8","Cumple",2021-04-01
"3017642",2021-04-13 18:06:05,"SLA8","Cumple",2021-04-01
"3018250",2021-04-14 16:21:17,"SLA4","Cumple",2021-04-01
"3018864",2021-04-16 14:03:47,"SLA8","Cumple",2021-04-01
"3019176",2021-04-14 17:45:47,"SLA8","Cumple",2021-04-01
"3019182",2021-04-14 18:56:09,"SLA8","Cumple",2021-04-01
"3019859",2021-04-15 08:49:38,"SLA8","Cumple",2021-04-01
"3019908",2021-04-15 18:42:40,"SLA8","Cumple",2021-04-01
"3019930",2021-04-15 09:31:19,"SLA8","Cumple",2021-04-01
"3019941",2021-04-15 10:22:49,"SLA8","Cumple",2021-04-01
"3019971",2021-04-15 17:11:45,"SLA8","Cumple",2021-04-01
"3020129",2021-04-15 14:35:41,"SLA8","Cumple",2021-04-01
"3020218",2021-04-15 11:56:45,"SLA8","Cumple",2021-04-01
"3020257",2021-04-15 12:09:12,"SLA8","Cumple",2021-04-01
"3020297",2021-04-15 12:21:15,"SLA8","Cumple",2021-04-01
"3020523",2021-04-15 14:16:18,"SLA8","Cumple",2021-04-01
"3020545",2021-04-15 17:41:47,"SLA8","Cumple",2021-04-01
"3020756",2021-04-15 16:34:37,"SLA8","Cumple",2021-04-01
"3021430",2021-04-16 09:45:17,"SLA8","Cumple",2021-04-01
"3021488",2021-04-16 19:15:12,"SLA8","Cumple",2021-04-01
"3021616",2021-04-16 17:52:50,"SLA8","Cumple",2021-04-01
"3021691",2021-04-16 16:25:12,"SLA8","Cumple",2021-04-01
"3021699",2021-04-19 13:54:10,"SLA8","Cumple",2021-04-01
"3021814",2021-04-16 20:53:52,"SLA8","Cumple",2021-04-01
"3022407",2021-04-19 11:09:58,"SLA8","Cumple",2021-04-01
"3023378",2021-04-21 20:14:47,"SLA8","Cumple",2021-04-01
"3023464",2021-04-19 16:41:40,"SLA8","Cumple",2021-04-01
"3023479",2021-04-19 12:13:15,"SLA8","Cumple",2021-04-01
"3023858",2021-04-19 14:05:37,"SLA8","Cumple",2021-04-01
"3023929",2021-04-19 12:35:00,"SLA8","Cumple",2021-04-01
"3024004",2021-04-19 13:44:51,"SLA8","Cumple",2021-04-01
"3024024",2021-04-19 13:46:04,"SLA8","Cumple",2021-04-01
"3024178",2021-04-19 18:11:39,"SLA8","Cumple",2021-04-01
"3024376",2021-04-19 18:31:56,"SLA8","Cumple",2021-04-01
"3025194",2021-04-20 10:16:48,"SLA8","Cumple",2021-04-01
"3025260",2021-04-20 10:38:19,"SLA8","Cumple",2021-04-01
"3025324",2021-04-20 11:44:06,"SLA8","Cumple",2021-04-01
"3025646",2021-04-20 13:18:23,"SLA8","Cumple",2021-04-01
"3025655",2021-04-20 14:17:10,"SLA8","Cumple",2021-04-01
"3025765",2021-04-20 15:35:24,"SLA8","Cumple",2021-04-01
"3025794",2021-04-20 16:15:03,"SLA8","Cumple",2021-04-01
"3025823",2021-04-21 09:33:53,"SLA8","Cumple",2021-04-01
"3026731",2021-04-21 12:22:22,"SLA8","Cumple",2021-04-01
"3026735",2021-04-21 11:25:55,"SLA8","Cumple",2021-04-01
"3026837",2021-04-21 12:44:32,"SLA8","Cumple",2021-04-01
"3027695",2021-04-23 18:54:50,"SLA8","Cumple",2021-04-01
"3027713",2021-04-23 18:53:19,"SLA8","Cumple",2021-04-01
"3028130",2021-04-22 11:00:32,"SLA8","Cumple",2021-04-01
"3028623",2021-04-22 13:40:52,"SLA8","Cumple",2021-04-01
"3028835",2021-04-22 16:51:09,"SLA8","Cumple",2021-04-01
"3028885",2021-04-22 15:45:20,"SLA8","Cumple",2021-04-01
"3030330",2021-04-23 16:36:58,"SLA8","Cumple",2021-04-01
"3030574",2021-04-23 16:09:25,"SLA8","Cumple",2021-04-01
"3030577",2021-04-23 16:10:42,"SLA8","Cumple",2021-04-01
"3030627",2021-04-23 17:32:52,"SLA8","Cumple",2021-04-01
"3030662",2021-04-23 17:02:12,"SLA8","Cumple",2021-04-01
"3030704",2021-04-23 20:12:27,"SLA8","Cumple",2021-04-01
